{
  "css/style.css": 1615926448372,
  "controller/View1.controller.js": 1615926448372,
  "model/models.js": 1615926448376,
  "manifest.json": 1615996343364,
  "Component.js": 1615926448372,
  "manifest-bundle.zip": 1615996343372,
  "Component-preload.js": 1615996343511,
  "model/models-dbg.js": 1615926448376,
  "controller/View1-dbg.controller.js": 1615926448372,
  "Component-dbg.js": 1615926448372,
  "view/View1.view.xml": 1615926448380,
  "i18n/i18n.properties": 1615926448372,
  "index.html": 1615926448372
}